TimeUTC,timestampInMs,requestPath,requestMethod,requestQueryString,responseStatusCode,requestId,requestUserAgent,level,environment,branch,vercelCache,type,function,host,deploymentDomain,deploymentId,durationMs,region,maxMemoryUsed,memorySize,message,projectId,traceId,sessionId,invocationId,instanceId,concurrency
2026-02-18 05:44:47,1771393487331,vegassweeps777.vercel.app/api/check-lead,GET,callback=jQuery36006416766672159364_1771393131093&_=1771393131104,200,7jhc5-1771393487331-4824815bb322,"Mozilla/5.0 (Linux; Android 13; Pixel 7) AppleWebKit/537.36 (KHTML, like Gecko) Chrome/144.0.0.0 Mobile Safari/537.36",,production,master,MISS,function,/api/check-lead,vegassweeps777.vercel.app,vegassweeps777-2026-hps8yio5u-chimotaka.vercel.app,dpl_9FXtFBRs4T3Pg72cmjpdRRHQKJm3,101,iad1,259,2048,,prj_iW03tuKcotp2GxzBQbJrtnsIq8rF,,,01KHQMF4K81QP193NNPEZGXTGA,r4i4yuIRxHzf,1
2026-02-18 05:43:47,1771393427343,vegassweeps777.vercel.app/api/check-lead,GET,callback=jQuery36006416766672159364_1771393131093&_=1771393131103,200,pmtc5-1771393427343-d7d84af2de3f,"Mozilla/5.0 (Linux; Android 13; Pixel 7) AppleWebKit/537.36 (KHTML, like Gecko) Chrome/144.0.0.0 Mobile Safari/537.36",,production,master,MISS,function,/api/check-lead,vegassweeps777.vercel.app,vegassweeps777-2026-hps8yio5u-chimotaka.vercel.app,dpl_9FXtFBRs4T3Pg72cmjpdRRHQKJm3,96,iad1,258,2048,,prj_iW03tuKcotp2GxzBQbJrtnsIq8rF,,,01KHQMDA0792JFY6E053Z6MASG,r4i4yuIRxHzf,1
2026-02-18 05:42:47,1771393367307,vegassweeps777.vercel.app/api/check-lead,GET,callback=jQuery36006416766672159364_1771393131093&_=1771393131102,200,fhzfd-1771393367307-a4fe8f911535,"Mozilla/5.0 (Linux; Android 13; Pixel 7) AppleWebKit/537.36 (KHTML, like Gecko) Chrome/144.0.0.0 Mobile Safari/537.36",,production,master,MISS,function,/api/check-lead,vegassweeps777.vercel.app,vegassweeps777-2026-hps8yio5u-chimotaka.vercel.app,dpl_9FXtFBRs4T3Pg72cmjpdRRHQKJm3,97,iad1,258,2048,,prj_iW03tuKcotp2GxzBQbJrtnsIq8rF,,,01KHQMBFC5APK4C3WMJ0WFRJ49,r4i4yuIRxHzf,1
2026-02-18 05:41:47,1771393307282,vegassweeps777.vercel.app/api/check-lead,GET,callback=jQuery36006416766672159364_1771393131093&_=1771393131101,200,fbql4-1771393307282-7f3e03fff18c,"Mozilla/5.0 (Linux; Android 13; Pixel 7) AppleWebKit/537.36 (KHTML, like Gecko) Chrome/144.0.0.0 Mobile Safari/537.36",,production,master,MISS,function,/api/check-lead,vegassweeps777.vercel.app,vegassweeps777-2026-hps8yio5u-chimotaka.vercel.app,dpl_9FXtFBRs4T3Pg72cmjpdRRHQKJm3,105,iad1,258,2048,,prj_iW03tuKcotp2GxzBQbJrtnsIq8rF,,,01KHQM9MRF07DQRAE2A30APQ5Y,r4i4yuIRxHzf,1
2026-02-18 05:40:47,1771393247383,vegassweeps777.vercel.app/api/check-lead,GET,callback=jQuery36006416766672159364_1771393131093&_=1771393131100,200,7jhc5-1771393247383-c9eace4ad886,"Mozilla/5.0 (Linux; Android 13; Pixel 7) AppleWebKit/537.36 (KHTML, like Gecko) Chrome/144.0.0.0 Mobile Safari/537.36",,production,master,MISS,function,/api/check-lead,vegassweeps777.vercel.app,vegassweeps777-2026-hps8yio5u-chimotaka.vercel.app,dpl_9FXtFBRs4T3Pg72cmjpdRRHQKJm3,169,iad1,257,2048,,prj_iW03tuKcotp2GxzBQbJrtnsIq8rF,,,01KHQM7T8MY40MSQJMZJVT7Y5Y,r4i4yuIRxHzf,1
2026-02-18 05:40:22,1771393222152,vegassweeps777.vercel.app/api/check-lead,GET,callback=jQuery36006416766672159364_1771393131093&_=1771393131099,200,rs2sj-1771393222152-60aa036a659e,"Mozilla/5.0 (Linux; Android 13; Pixel 7) AppleWebKit/537.36 (KHTML, like Gecko) Chrome/144.0.0.0 Mobile Safari/537.36",,production,master,MISS,function,/api/check-lead,vegassweeps777.vercel.app,vegassweeps777-2026-hps8yio5u-chimotaka.vercel.app,dpl_9FXtFBRs4T3Pg72cmjpdRRHQKJm3,167,iad1,256,2048,,prj_iW03tuKcotp2GxzBQbJrtnsIq8rF,,,01KHQM71KZNC42SJYB577H40V7,r4i4yuIRxHzf,1
2026-02-18 05:40:07,1771393207131,vegassweeps777.vercel.app/api/check-lead,GET,callback=jQuery36006416766672159364_1771393131093&_=1771393131098,200,djmj4-1771393207131-08bcc40db294,"Mozilla/5.0 (Linux; Android 13; Pixel 7) AppleWebKit/537.36 (KHTML, like Gecko) Chrome/144.0.0.0 Mobile Safari/537.36",,production,master,MISS,function,/api/check-lead,vegassweeps777.vercel.app,vegassweeps777-2026-hps8yio5u-chimotaka.vercel.app,dpl_9FXtFBRs4T3Pg72cmjpdRRHQKJm3,98,iad1,255,2048,,prj_iW03tuKcotp2GxzBQbJrtnsIq8rF,,,01KHQM6JYJKG71PN9638CQCZCN,r4i4yuIRxHzf,1
2026-02-18 05:39:52,1771393192131,vegassweeps777.vercel.app/api/check-lead,GET,callback=jQuery36006416766672159364_1771393131093&_=1771393131097,200,hkpjg-1771393192131-7558c2342392,"Mozilla/5.0 (Linux; Android 13; Pixel 7) AppleWebKit/537.36 (KHTML, like Gecko) Chrome/144.0.0.0 Mobile Safari/537.36",,production,master,MISS,function,/api/check-lead,vegassweeps777.vercel.app,vegassweeps777-2026-hps8yio5u-chimotaka.vercel.app,dpl_9FXtFBRs4T3Pg72cmjpdRRHQKJm3,165,iad1,254,2048,,prj_iW03tuKcotp2GxzBQbJrtnsIq8rF,,,01KHQM649X6WY1N48CT7EHYT4X,r4i4yuIRxHzf,1
2026-02-18 05:39:37,1771393177133,vegassweeps777.vercel.app/api/check-lead,GET,callback=jQuery36006416766672159364_1771393131093&_=1771393131096,200,s2l5c-1771393177133-b6aefe4e3db2,"Mozilla/5.0 (Linux; Android 13; Pixel 7) AppleWebKit/537.36 (KHTML, like Gecko) Chrome/144.0.0.0 Mobile Safari/537.36",,production,master,MISS,function,/api/check-lead,vegassweeps777.vercel.app,vegassweeps777-2026-hps8yio5u-chimotaka.vercel.app,dpl_9FXtFBRs4T3Pg72cmjpdRRHQKJm3,98,iad1,254,2048,,prj_iW03tuKcotp2GxzBQbJrtnsIq8rF,,,01KHQM5NNB5MDEME1999VPHA28,r4i4yuIRxHzf,1
2026-02-18 05:39:22,1771393162168,vegassweeps777.vercel.app/api/check-lead,GET,callback=jQuery36006416766672159364_1771393131093&_=1771393131095,200,cpsss-1771393162168-1154378eaae9,"Mozilla/5.0 (Linux; Android 13; Pixel 7) AppleWebKit/537.36 (KHTML, like Gecko) Chrome/144.0.0.0 Mobile Safari/537.36",,production,master,MISS,function,/api/check-lead,vegassweeps777.vercel.app,vegassweeps777-2026-hps8yio5u-chimotaka.vercel.app,dpl_9FXtFBRs4T3Pg72cmjpdRRHQKJm3,172,iad1,253,2048,,prj_iW03tuKcotp2GxzBQbJrtnsIq8rF,,,01KHQM571FRNFTM5PE1V6V6YDA,r4i4yuIRxHzf,1
2026-02-18 05:39:13,1771393153469,vegassweeps777-2026-hps8yio5u-chimotaka.vercel.app/favicon/vegassweeps_logo.png,GET,,401,9p5xv-1771393153469-c5799d009f21,vercel-favicon/1.0,,production,master,,static,/favicon/vegassweeps_logo.png,vegassweeps777-2026-hps8yio5u-chimotaka.vercel.app,vegassweeps777-2026-hps8yio5u-chimotaka.vercel.app,dpl_9FXtFBRs4T3Pg72cmjpdRRHQKJm3,2,sfo1,,,,prj_iW03tuKcotp2GxzBQbJrtnsIq8rF,,,,,
2026-02-18 05:39:06,1771393146811,vegassweeps777.vercel.app/api/check-lead,GET,callback=jQuery36006416766672159364_1771393131093&_=1771393131094,200,b2h65-1771393146811-3bba9beb5817,"Mozilla/5.0 (Linux; Android 13; Pixel 7) AppleWebKit/537.36 (KHTML, like Gecko) Chrome/144.0.0.0 Mobile Safari/537.36",,production,master,MISS,function,/api/check-lead,vegassweeps777.vercel.app,vegassweeps777-2026-hps8yio5u-chimotaka.vercel.app,dpl_9FXtFBRs4T3Pg72cmjpdRRHQKJm3,108,iad1,260,2048,,prj_iW03tuKcotp2GxzBQbJrtnsIq8rF,,,01KHQM4R2AX8DJHGZYX1T7N6WG,r4i4yuIRxHzf,1
2026-02-18 05:39:04,1771393144232,vegassweeps777.vercel.app/api/postback,GET,secret=s8d7f6g5h4j3k2l1,500,2tv76-1771393144025-6c74e49507d6,,error,production,master,MISS,function,/api/postback,vegassweeps777.vercel.app,vegassweeps777.vercel.app,dpl_9FXtFBRs4T3Pg72cmjpdRRHQKJm3,,,,,[Postback] Firebase Init Error: Bad control character in string literal in JSON at position 181 (line 5 column 46),prj_iW03tuKcotp2GxzBQbJrtnsIq8rF,,,,,
2026-02-18 05:39:04,1771393144025,vegassweeps777.vercel.app/api/postback,GET,secret=s8d7f6g5h4j3k2l1,500,2tv76-1771393144025-6c74e49507d6,,,production,master,MISS,function,/api/postback,vegassweeps777.vercel.app,vegassweeps777.vercel.app,dpl_9FXtFBRs4T3Pg72cmjpdRRHQKJm3,40,iad1,233,2048,,prj_iW03tuKcotp2GxzBQbJrtnsIq8rF,,,01KHQM4NBXRTMXP6H1Q54080NS,AvjctnPXJmXk,1
2026-02-18 05:38:54,1771393134065,vegassweeps777.vercel.app/pages/vegas-sweeps.html,HEAD,,204,rxvwh-1771393134065-f63be54e1fc6,"Mozilla/5.0 (Linux; Android 13; Pixel 7) AppleWebKit/537.36 (KHTML, like Gecko) Chrome/144.0.0.0 Mobile Safari/537.36",,production,master,,static,/pages/vegas-sweeps.html,vegassweeps777.vercel.app,vegassweeps777-2026-hps8yio5u-chimotaka.vercel.app,dpl_9FXtFBRs4T3Pg72cmjpdRRHQKJm3,19,sin1,,,,prj_iW03tuKcotp2GxzBQbJrtnsIq8rF,,,,,
2026-02-18 05:38:52,1771393132245,vegassweeps777.vercel.app/api/get-offers,GET,s1=Vegas%20Sweeps%20APK%20Download%20%26%20Sign%20Up%202026&s2=,200,sjrnc-1771393131810-c5260b11f760,"Mozilla/5.0 (Linux; Android 13; Pixel 7) AppleWebKit/537.36 (KHTML, like Gecko) Chrome/144.0.0.0 Mobile Safari/537.36",info,production,master,MISS,function,/api/get-offers,vegassweeps777.vercel.app,vegassweeps777.vercel.app,dpl_9FXtFBRs4T3Pg72cmjpdRRHQKJm3,,,,,[Get-Offers] Proxying for IP: 119.13.156.7,prj_iW03tuKcotp2GxzBQbJrtnsIq8rF,,,,,
2026-02-18 05:38:52,1771393132328,vegassweeps777.vercel.app/api/get-offers,GET,s1=Vegas%20Sweeps%20APK%20Download%20%26%20Sign%20Up%202026&s2=,200,sjrnc-1771393131810-c5260b11f760,"Mozilla/5.0 (Linux; Android 13; Pixel 7) AppleWebKit/537.36 (KHTML, like Gecko) Chrome/144.0.0.0 Mobile Safari/537.36",error,production,master,MISS,function,/api/get-offers,vegassweeps777.vercel.app,vegassweeps777.vercel.app,dpl_9FXtFBRs4T3Pg72cmjpdRRHQKJm3,,,,,"(node:4) [DEP0169] DeprecationWarning: `url.parse()` behavior is not standardized and prone to errors that have security implications. Use the WHATWG URL API instead. CVEs are not issued for `url.parse()` vulnerabilities.
(Use `node --trace-deprecation ...` to show where the warning was created)",prj_iW03tuKcotp2GxzBQbJrtnsIq8rF,,,,,
2026-02-18 05:38:51,1771393131810,vegassweeps777.vercel.app/api/get-offers,GET,s1=Vegas%20Sweeps%20APK%20Download%20%26%20Sign%20Up%202026&s2=,200,sjrnc-1771393131810-c5260b11f760,"Mozilla/5.0 (Linux; Android 13; Pixel 7) AppleWebKit/537.36 (KHTML, like Gecko) Chrome/144.0.0.0 Mobile Safari/537.36",,production,master,MISS,function,/api/get-offers,vegassweeps777.vercel.app,vegassweeps777.vercel.app,dpl_9FXtFBRs4T3Pg72cmjpdRRHQKJm3,241,iad1,241,2048,,prj_iW03tuKcotp2GxzBQbJrtnsIq8rF,,,01KHQM49NNCSRPEWW345D0QH0D,cMt3LIu4E1Db,1
2026-02-18 05:38:52,1771393132577,vegassweeps777.vercel.app/api/get-offers,GET,s1=Vegas%20Sweeps%20APK%20Download%20%26%20Sign%20Up%202026&s2=,200,cpsss-1771393131810-575552634e43,"Mozilla/5.0 (Linux; Android 13; Pixel 7) AppleWebKit/537.36 (KHTML, like Gecko) Chrome/144.0.0.0 Mobile Safari/537.36",info,production,master,MISS,function,/api/get-offers,vegassweeps777.vercel.app,vegassweeps777.vercel.app,dpl_9FXtFBRs4T3Pg72cmjpdRRHQKJm3,,,,,[Get-Offers] Proxying for IP: 119.13.156.7,prj_iW03tuKcotp2GxzBQbJrtnsIq8rF,,,,,
2026-02-18 05:38:52,1771393132649,vegassweeps777.vercel.app/api/get-offers,GET,s1=Vegas%20Sweeps%20APK%20Download%20%26%20Sign%20Up%202026&s2=,200,cpsss-1771393131810-575552634e43,"Mozilla/5.0 (Linux; Android 13; Pixel 7) AppleWebKit/537.36 (KHTML, like Gecko) Chrome/144.0.0.0 Mobile Safari/537.36",error,production,master,MISS,function,/api/get-offers,vegassweeps777.vercel.app,vegassweeps777.vercel.app,dpl_9FXtFBRs4T3Pg72cmjpdRRHQKJm3,,,,,"(node:4) [DEP0169] DeprecationWarning: `url.parse()` behavior is not standardized and prone to errors that have security implications. Use the WHATWG URL API instead. CVEs are not issued for `url.parse()` vulnerabilities.
(Use `node --trace-deprecation ...` to show where the warning was created)",prj_iW03tuKcotp2GxzBQbJrtnsIq8rF,,,,,
2026-02-18 05:38:51,1771393131810,vegassweeps777.vercel.app/api/get-offers,GET,s1=Vegas%20Sweeps%20APK%20Download%20%26%20Sign%20Up%202026&s2=,200,cpsss-1771393131810-575552634e43,"Mozilla/5.0 (Linux; Android 13; Pixel 7) AppleWebKit/537.36 (KHTML, like Gecko) Chrome/144.0.0.0 Mobile Safari/537.36",,production,master,MISS,function,/api/get-offers,vegassweeps777.vercel.app,vegassweeps777.vercel.app,dpl_9FXtFBRs4T3Pg72cmjpdRRHQKJm3,375,iad1,242,2048,,prj_iW03tuKcotp2GxzBQbJrtnsIq8rF,,,01KHQM49PCXGS394XDHGM2CS7R,bheJLbPmLyRh,1
2026-02-18 05:38:51,1771393131246,vegassweeps777.vercel.app/assets/js/signup.js,GET,,200,z9hrg-1771393131246-6bc7b4c5c783,"Mozilla/5.0 (Linux; Android 13; Pixel 7) AppleWebKit/537.36 (KHTML, like Gecko) Chrome/144.0.0.0 Mobile Safari/537.36",,production,master,HIT,static,/assets/js/signup.js,vegassweeps777.vercel.app,vegassweeps777-2026-hps8yio5u-chimotaka.vercel.app,dpl_9FXtFBRs4T3Pg72cmjpdRRHQKJm3,268,sin1,,,,prj_iW03tuKcotp2GxzBQbJrtnsIq8rF,,,,,
2026-02-18 05:38:51,1771393131235,vegassweeps777.vercel.app/assets/js/tracker.js,GET,,200,sjrnc-1771393131235-863a255cb5d3,"Mozilla/5.0 (Linux; Android 13; Pixel 7) AppleWebKit/537.36 (KHTML, like Gecko) Chrome/144.0.0.0 Mobile Safari/537.36",,production,master,HIT,static,/assets/js/tracker.js,vegassweeps777.vercel.app,vegassweeps777-2026-hps8yio5u-chimotaka.vercel.app,dpl_9FXtFBRs4T3Pg72cmjpdRRHQKJm3,519,sin1,,,,prj_iW03tuKcotp2GxzBQbJrtnsIq8rF,,,,,
2026-02-18 05:38:49,1771393129865,vegassweeps777.vercel.app/pages/vegas-sweeps.html,GET,,200,kfppl-1771393129865-cd7ef1574af3,"Mozilla/5.0 (Linux; Android 13; Pixel 7) AppleWebKit/537.36 (KHTML, like Gecko) Chrome/144.0.0.0 Mobile Safari/537.36",,production,master,HIT,static,/pages/vegas-sweeps.html,vegassweeps777.vercel.app,vegassweeps777-2026-hps8yio5u-chimotaka.vercel.app,dpl_9FXtFBRs4T3Pg72cmjpdRRHQKJm3,795,sin1,,,,prj_iW03tuKcotp2GxzBQbJrtnsIq8rF,,,,,
2026-02-18 05:38:47,1771393127421,vegassweeps777.vercel.app/api/check-lead,GET,callback=jQuery360006409974270267649_1771392008424&_=1771392008463,200,6rhbx-1771393127421-caa0179ee967,"Mozilla/5.0 (Linux; Android 13; Pixel 7) AppleWebKit/537.36 (KHTML, like Gecko) Chrome/144.0.0.0 Mobile Safari/537.36",,production,master,MISS,function,/api/check-lead,vegassweeps777.vercel.app,vegassweeps777-2026-hps8yio5u-chimotaka.vercel.app,dpl_9FXtFBRs4T3Pg72cmjpdRRHQKJm3,103,iad1,241,2048,,prj_iW03tuKcotp2GxzBQbJrtnsIq8rF,,,01KHQM45C1H8PSN88VQFE2SKP1,r4i4yuIRxHzf,1
2026-02-18 05:37:48,1771393068080,vegassweeps777.vercel.app/api/check-lead,GET,callback=jQuery360006409974270267649_1771392008424&_=1771392008462,200,5szjz-1771393067318-4734e6c710b9,"Mozilla/5.0 (Linux; Android 13; Pixel 7) AppleWebKit/537.36 (KHTML, like Gecko) Chrome/144.0.0.0 Mobile Safari/537.36",error,production,master,MISS,function,/api/check-lead,vegassweeps777.vercel.app,vegassweeps777.vercel.app,dpl_9FXtFBRs4T3Pg72cmjpdRRHQKJm3,,,,,"(node:4) [DEP0169] DeprecationWarning: `url.parse()` behavior is not standardized and prone to errors that have security implications. Use the WHATWG URL API instead. CVEs are not issued for `url.parse()` vulnerabilities.
(Use `node --trace-deprecation ...` to show where the warning was created)",prj_iW03tuKcotp2GxzBQbJrtnsIq8rF,,,,,
2026-02-18 05:37:47,1771393067318,vegassweeps777.vercel.app/api/check-lead,GET,callback=jQuery360006409974270267649_1771392008424&_=1771392008462,200,5szjz-1771393067318-4734e6c710b9,"Mozilla/5.0 (Linux; Android 13; Pixel 7) AppleWebKit/537.36 (KHTML, like Gecko) Chrome/144.0.0.0 Mobile Safari/537.36",,production,master,MISS,function,/api/check-lead,vegassweeps777.vercel.app,vegassweeps777.vercel.app,dpl_9FXtFBRs4T3Pg72cmjpdRRHQKJm3,206,iad1,238,2048,,prj_iW03tuKcotp2GxzBQbJrtnsIq8rF,,,01KHQM2AXZ6NHZ7PQDZQH6JDYM,r4i4yuIRxHzf,1
2026-02-18 05:36:47,1771393007408,vegassweeps777.vercel.app/api/check-lead,GET,callback=jQuery360006409974270267649_1771392008424&_=1771392008461,200,p568m-1771393007408-1e906e28d225,"Mozilla/5.0 (Linux; Android 13; Pixel 7) AppleWebKit/537.36 (KHTML, like Gecko) Chrome/144.0.0.0 Mobile Safari/537.36",,production,master,MISS,function,/api/check-lead,vegassweeps777.vercel.app,vegassweeps777-2026-6ua0ccr32-chimotaka.vercel.app,dpl_96m4cPRScGto29J32gsPKwD6zVTx,186,iad1,254,2048,,prj_iW03tuKcotp2GxzBQbJrtnsIq8rF,,,01KHQM0G54YG6NP6DVGBE18PY9,0fc94O9hLdkf,1
2026-02-18 05:35:47,1771392947388,vegassweeps777.vercel.app/api/check-lead,GET,callback=jQuery360006409974270267649_1771392008424&_=1771392008460,200,s2l5c-1771392947388-5d14dfdb245b,"Mozilla/5.0 (Linux; Android 13; Pixel 7) AppleWebKit/537.36 (KHTML, like Gecko) Chrome/144.0.0.0 Mobile Safari/537.36",,production,master,MISS,function,/api/check-lead,vegassweeps777.vercel.app,vegassweeps777-2026-6ua0ccr32-chimotaka.vercel.app,dpl_96m4cPRScGto29J32gsPKwD6zVTx,94,iad1,253,2048,,prj_iW03tuKcotp2GxzBQbJrtnsIq8rF,,,01KHQKYNA0FXQVCPKBC6A00QX3,0fc94O9hLdkf,1
2026-02-18 05:34:47,1771392887467,vegassweeps777.vercel.app/api/check-lead,GET,callback=jQuery360006409974270267649_1771392008424&_=1771392008459,200,hv9vg-1771392887467-f49b9237eac2,"Mozilla/5.0 (Linux; Android 13; Pixel 7) AppleWebKit/537.36 (KHTML, like Gecko) Chrome/144.0.0.0 Mobile Safari/537.36",,production,master,MISS,function,/api/check-lead,vegassweeps777.vercel.app,vegassweeps777-2026-6ua0ccr32-chimotaka.vercel.app,dpl_96m4cPRScGto29J32gsPKwD6zVTx,179,iad1,252,2048,,prj_iW03tuKcotp2GxzBQbJrtnsIq8rF,,,01KHQKWTS0MYBSGW6BP3QFM63J,0fc94O9hLdkf,1
2026-02-18 05:33:48,1771392828084,vegassweeps777.vercel.app/api/postback,GET,secret=s8d7f6g5h4j3k2l1,,rfc82-1771392827998-51189c56649d,,error,production,master,,function,,vegassweeps777.vercel.app,vegassweeps777.vercel.app,dpl_96m4cPRScGto29J32gsPKwD6zVTx,,,,,"(node:4) [DEP0169] DeprecationWarning: `url.parse()` behavior is not standardized and prone to errors that have security implications. Use the WHATWG URL API instead. CVEs are not issued for `url.parse()` vulnerabilities.
(Use `node --trace-deprecation ...` to show where the warning was created)",prj_iW03tuKcotp2GxzBQbJrtnsIq8rF,,,,,
2026-02-18 05:33:47,1771392827998,vegassweeps777.vercel.app/api/postback,GET,secret=s8d7f6g5h4j3k2l1,,rfc82-1771392827998-51189c56649d,,,production,master,,function,/api/postback,vegassweeps777.vercel.app,vegassweeps777.vercel.app,dpl_96m4cPRScGto29J32gsPKwD6zVTx,32,iad1,246,2048,,prj_iW03tuKcotp2GxzBQbJrtnsIq8rF,,,01KHQKV0MQ3QWAEHDQA71AK52Z,MT0bpkmdonf8,1
2026-02-18 05:33:47,1771392827416,vegassweeps777.vercel.app/api/check-lead,GET,callback=jQuery360006409974270267649_1771392008424&_=1771392008458,200,nt28h-1771392827416-da54579a8e5d,"Mozilla/5.0 (Linux; Android 13; Pixel 7) AppleWebKit/537.36 (KHTML, like Gecko) Chrome/144.0.0.0 Mobile Safari/537.36",,production,master,MISS,function,/api/check-lead,vegassweeps777.vercel.app,vegassweeps777-2026-6ua0ccr32-chimotaka.vercel.app,dpl_96m4cPRScGto29J32gsPKwD6zVTx,177,iad1,252,2048,,prj_iW03tuKcotp2GxzBQbJrtnsIq8rF,,,01KHQKV0C5WGF37P9G87ENSW9Q,0fc94O9hLdkf,1
2026-02-18 05:32:47,1771392767454,vegassweeps777.vercel.app/api/check-lead,GET,callback=jQuery360006409974270267649_1771392008424&_=1771392008457,200,wdh7g-1771392767454-68249e8f8fd2,"Mozilla/5.0 (Linux; Android 13; Pixel 7) AppleWebKit/537.36 (KHTML, like Gecko) Chrome/144.0.0.0 Mobile Safari/537.36",,production,master,MISS,function,/api/check-lead,vegassweeps777.vercel.app,vegassweeps777-2026-6ua0ccr32-chimotaka.vercel.app,dpl_96m4cPRScGto29J32gsPKwD6zVTx,106,iad1,239,2048,,prj_iW03tuKcotp2GxzBQbJrtnsIq8rF,,,01KHQKS5TJPZH9K92Z10NV9B5X,0fc94O9hLdkf,1
2026-02-18 05:31:50,1771392710081,vegassweeps777.vercel.app/api/postback,GET,secret=s8d7f6g5h4j3k2l1,,zzgwc-1771392709865-61233f8835f0,,error,production,master,,function,,vegassweeps777.vercel.app,vegassweeps777.vercel.app,dpl_96m4cPRScGto29J32gsPKwD6zVTx,,,,,"(node:4) [DEP0169] DeprecationWarning: `url.parse()` behavior is not standardized and prone to errors that have security implications. Use the WHATWG URL API instead. CVEs are not issued for `url.parse()` vulnerabilities.
(Use `node --trace-deprecation ...` to show where the warning was created)",prj_iW03tuKcotp2GxzBQbJrtnsIq8rF,,,,,
2026-02-18 05:31:49,1771392709865,vegassweeps777.vercel.app/api/postback,GET,secret=s8d7f6g5h4j3k2l1,,zzgwc-1771392709865-61233f8835f0,,,production,master,,function,/api/postback,vegassweeps777.vercel.app,vegassweeps777.vercel.app,dpl_96m4cPRScGto29J32gsPKwD6zVTx,86,iad1,253,2048,,prj_iW03tuKcotp2GxzBQbJrtnsIq8rF,,,01KHQKQDC7QXM2D326J2W18QGV,pne5xk9XJd2x,1
2026-02-18 05:31:48,1771392708179,vegassweeps777.vercel.app/api/check-lead,GET,callback=jQuery360006409974270267649_1771392008424&_=1771392008456,,hqx6k-1771392707452-31db8e58fb2e,"Mozilla/5.0 (Linux; Android 13; Pixel 7) AppleWebKit/537.36 (KHTML, like Gecko) Chrome/144.0.0.0 Mobile Safari/537.36",error,production,master,,function,,vegassweeps777.vercel.app,vegassweeps777.vercel.app,dpl_96m4cPRScGto29J32gsPKwD6zVTx,,,,,"(node:4) [DEP0169] DeprecationWarning: `url.parse()` behavior is not standardized and prone to errors that have security implications. Use the WHATWG URL API instead. CVEs are not issued for `url.parse()` vulnerabilities.
(Use `node --trace-deprecation ...` to show where the warning was created)",prj_iW03tuKcotp2GxzBQbJrtnsIq8rF,,,,,
2026-02-18 05:31:47,1771392707452,vegassweeps777.vercel.app/api/check-lead,GET,callback=jQuery360006409974270267649_1771392008424&_=1771392008456,,hqx6k-1771392707452-31db8e58fb2e,"Mozilla/5.0 (Linux; Android 13; Pixel 7) AppleWebKit/537.36 (KHTML, like Gecko) Chrome/144.0.0.0 Mobile Safari/537.36",,production,master,,function,/api/check-lead,vegassweeps777.vercel.app,vegassweeps777.vercel.app,dpl_96m4cPRScGto29J32gsPKwD6zVTx,283,iad1,237,2048,,prj_iW03tuKcotp2GxzBQbJrtnsIq8rF,,,01KHQKQBF8DBQAV80C6B0BF59N,0fc94O9hLdkf,1
2026-02-18 05:30:47,1771392647358,vegassweeps777.vercel.app/api/check-lead,GET,callback=jQuery360006409974270267649_1771392008424&_=1771392008455,200,8j7hh-1771392647358-6cd0973439b4,"Mozilla/5.0 (Linux; Android 13; Pixel 7) AppleWebKit/537.36 (KHTML, like Gecko) Chrome/144.0.0.0 Mobile Safari/537.36",,production,master,MISS,function,/api/check-lead,vegassweeps777.vercel.app,vegassweeps777-2026-3gmlbtbxr-chimotaka.vercel.app,dpl_7BhPYspAPiCxkZZguh8UPcXTJf2h,168,iad1,262,2048,,prj_iW03tuKcotp2GxzBQbJrtnsIq8rF,,,01KHQKNGA3N9RJZR97M9W4Q2QN,hOFVQbpqAZ2Z,1
2026-02-18 05:29:48,1771392588747,vegassweeps777-2026-3gmlbtbxr-chimotaka.vercel.app/favicon/vegassweeps_logo.png,GET,,401,9qrrn-1771392588747-7f524dbcb1f3,vercel-favicon/1.0,,production,master,,static,/favicon/vegassweeps_logo.png,vegassweeps777-2026-3gmlbtbxr-chimotaka.vercel.app,vegassweeps777-2026-3gmlbtbxr-chimotaka.vercel.app,dpl_7BhPYspAPiCxkZZguh8UPcXTJf2h,1,sfo1,,,,prj_iW03tuKcotp2GxzBQbJrtnsIq8rF,,,,,
2026-02-18 05:29:47,1771392587573,vegassweeps777.vercel.app/api/check-lead,GET,callback=jQuery360006409974270267649_1771392008424&_=1771392008454,200,npb4h-1771392587573-40bda5a16b52,"Mozilla/5.0 (Linux; Android 13; Pixel 7) AppleWebKit/537.36 (KHTML, like Gecko) Chrome/144.0.0.0 Mobile Safari/537.36",,production,master,MISS,function,/api/check-lead,vegassweeps777.vercel.app,vegassweeps777-2026-3gmlbtbxr-chimotaka.vercel.app,dpl_7BhPYspAPiCxkZZguh8UPcXTJf2h,97,iad1,262,2048,,prj_iW03tuKcotp2GxzBQbJrtnsIq8rF,,,01KHQKKNXC1J14MCNQCVVZV00P,hOFVQbpqAZ2Z,1
2026-02-18 05:28:47,1771392527394,vegassweeps777.vercel.app/api/check-lead,GET,callback=jQuery360006409974270267649_1771392008424&_=1771392008453,200,fmf8t-1771392527394-6ac79ae4bf48,"Mozilla/5.0 (Linux; Android 13; Pixel 7) AppleWebKit/537.36 (KHTML, like Gecko) Chrome/144.0.0.0 Mobile Safari/537.36",,production,master,MISS,function,/api/check-lead,vegassweeps777.vercel.app,vegassweeps777-2026-3gmlbtbxr-chimotaka.vercel.app,dpl_7BhPYspAPiCxkZZguh8UPcXTJf2h,166,iad1,262,2048,,prj_iW03tuKcotp2GxzBQbJrtnsIq8rF,,,01KHQKHV4Z1Q1N8NZKGDMA58PC,hOFVQbpqAZ2Z,1
2026-02-18 05:27:54,1771392474129,vegassweeps777.vercel.app/api/check-lead,GET,callback=jQuery360006409974270267649_1771392008424&_=1771392008452,200,6b757-1771392474129-f518daae307f,"Mozilla/5.0 (Linux; Android 13; Pixel 7) AppleWebKit/537.36 (KHTML, like Gecko) Chrome/144.0.0.0 Mobile Safari/537.36",,production,master,MISS,function,/api/check-lead,vegassweeps777.vercel.app,vegassweeps777-2026-3gmlbtbxr-chimotaka.vercel.app,dpl_7BhPYspAPiCxkZZguh8UPcXTJf2h,111,iad1,261,2048,,prj_iW03tuKcotp2GxzBQbJrtnsIq8rF,,,01KHQKG74A4MSVYVQVG0VKTGBA,hOFVQbpqAZ2Z,1
2026-02-18 05:27:39,1771392459127,vegassweeps777.vercel.app/api/check-lead,GET,callback=jQuery360006409974270267649_1771392008424&_=1771392008451,200,zd424-1771392459127-7e2c08bcf9b5,"Mozilla/5.0 (Linux; Android 13; Pixel 7) AppleWebKit/537.36 (KHTML, like Gecko) Chrome/144.0.0.0 Mobile Safari/537.36",,production,master,MISS,function,/api/check-lead,vegassweeps777.vercel.app,vegassweeps777-2026-3gmlbtbxr-chimotaka.vercel.app,dpl_7BhPYspAPiCxkZZguh8UPcXTJf2h,160,iad1,261,2048,,prj_iW03tuKcotp2GxzBQbJrtnsIq8rF,,,01KHQKFRFFTYHNNZ14DX6VSVSA,hOFVQbpqAZ2Z,1
2026-02-18 05:27:24,1771392444130,vegassweeps777.vercel.app/api/check-lead,GET,callback=jQuery360006409974270267649_1771392008424&_=1771392008450,200,wdh7g-1771392444130-9c0119b64183,"Mozilla/5.0 (Linux; Android 13; Pixel 7) AppleWebKit/537.36 (KHTML, like Gecko) Chrome/144.0.0.0 Mobile Safari/537.36",,production,master,MISS,function,/api/check-lead,vegassweeps777.vercel.app,vegassweeps777-2026-3gmlbtbxr-chimotaka.vercel.app,dpl_7BhPYspAPiCxkZZguh8UPcXTJf2h,159,iad1,261,2048,,prj_iW03tuKcotp2GxzBQbJrtnsIq8rF,,,01KHQKF9TRJREJ43XVBM3R793P,hOFVQbpqAZ2Z,1
2026-02-18 05:27:09,1771392429132,vegassweeps777.vercel.app/api/check-lead,GET,callback=jQuery360006409974270267649_1771392008424&_=1771392008449,200,c2c54-1771392429132-c0416d486069,"Mozilla/5.0 (Linux; Android 13; Pixel 7) AppleWebKit/537.36 (KHTML, like Gecko) Chrome/144.0.0.0 Mobile Safari/537.36",,production,master,MISS,function,/api/check-lead,vegassweeps777.vercel.app,vegassweeps777-2026-3gmlbtbxr-chimotaka.vercel.app,dpl_7BhPYspAPiCxkZZguh8UPcXTJf2h,164,iad1,261,2048,,prj_iW03tuKcotp2GxzBQbJrtnsIq8rF,,,01KHQKEV61RJ0BVRH5N528SKQY,hOFVQbpqAZ2Z,1
2026-02-18 05:26:58,1771392418899,vegassweeps777.vercel.app/api/check-lead,GET,callback=jQuery360006409974270267649_1771392008424&_=1771392008448,200,s249n-1771392418899-7e8af7228b71,"Mozilla/5.0 (Linux; Android 13; Pixel 7) AppleWebKit/537.36 (KHTML, like Gecko) Chrome/144.0.0.0 Mobile Safari/537.36",,production,master,MISS,function,/api/check-lead,vegassweeps777.vercel.app,vegassweeps777-2026-3gmlbtbxr-chimotaka.vercel.app,dpl_7BhPYspAPiCxkZZguh8UPcXTJf2h,92,iad1,261,2048,,prj_iW03tuKcotp2GxzBQbJrtnsIq8rF,,,01KHQKEH69TVPNVPMBTX1V8169,hOFVQbpqAZ2Z,1
2026-02-18 05:26:47,1771392407406,vegassweeps777.vercel.app/api/check-lead,GET,callback=jQuery360006409974270267649_1771392008424&_=1771392008447,200,d279w-1771392407406-f07f059ece6f,"Mozilla/5.0 (Linux; Android 13; Pixel 7) AppleWebKit/537.36 (KHTML, like Gecko) Chrome/144.0.0.0 Mobile Safari/537.36",,production,master,MISS,function,/api/check-lead,vegassweeps777.vercel.app,vegassweeps777-2026-3gmlbtbxr-chimotaka.vercel.app,dpl_7BhPYspAPiCxkZZguh8UPcXTJf2h,184,iad1,261,2048,,prj_iW03tuKcotp2GxzBQbJrtnsIq8rF,,,01KHQKE5Z4Q4C1YQ79GCBJ7G0N,hOFVQbpqAZ2Z,1
2026-02-18 05:25:47,1771392347447,vegassweeps777.vercel.app/api/check-lead,GET,callback=jQuery360006409974270267649_1771392008424&_=1771392008446,200,7g5cc-1771392347447-d347cfb38ad9,"Mozilla/5.0 (Linux; Android 13; Pixel 7) AppleWebKit/537.36 (KHTML, like Gecko) Chrome/144.0.0.0 Mobile Safari/537.36",,production,master,MISS,function,/api/check-lead,vegassweeps777.vercel.app,vegassweeps777-2026-3gmlbtbxr-chimotaka.vercel.app,dpl_7BhPYspAPiCxkZZguh8UPcXTJf2h,169,iad1,260,2048,,prj_iW03tuKcotp2GxzBQbJrtnsIq8rF,,,01KHQKCBDHHJY2RQN84Y7JJRB0,hOFVQbpqAZ2Z,1
2026-02-18 05:25:24,1771392324128,vegassweeps777.vercel.app/api/check-lead,GET,callback=jQuery360006409974270267649_1771392008424&_=1771392008445,200,9ws8j-1771392324128-30a0f9f4f936,"Mozilla/5.0 (Linux; Android 13; Pixel 7) AppleWebKit/537.36 (KHTML, like Gecko) Chrome/144.0.0.0 Mobile Safari/537.36",,production,master,MISS,function,/api/check-lead,vegassweeps777.vercel.app,vegassweeps777-2026-3gmlbtbxr-chimotaka.vercel.app,dpl_7BhPYspAPiCxkZZguh8UPcXTJf2h,91,iad1,260,2048,,prj_iW03tuKcotp2GxzBQbJrtnsIq8rF,,,01KHQKBMMMKDZPSJ3SKRPHQEE4,hOFVQbpqAZ2Z,1
2026-02-18 05:25:09,1771392309123,vegassweeps777.vercel.app/api/check-lead,GET,callback=jQuery360006409974270267649_1771392008424&_=1771392008444,200,9pn2p-1771392309123-33d7742fc330,"Mozilla/5.0 (Linux; Android 13; Pixel 7) AppleWebKit/537.36 (KHTML, like Gecko) Chrome/144.0.0.0 Mobile Safari/537.36",,production,master,MISS,function,/api/check-lead,vegassweeps777.vercel.app,vegassweeps777-2026-3gmlbtbxr-chimotaka.vercel.app,dpl_7BhPYspAPiCxkZZguh8UPcXTJf2h,91,iad1,260,2048,,prj_iW03tuKcotp2GxzBQbJrtnsIq8rF,,,01KHQKB5ZQ7SFWXXTPFA39T5YG,hOFVQbpqAZ2Z,1
2026-02-18 05:24:54,1771392294135,vegassweeps777.vercel.app/api/check-lead,GET,callback=jQuery360006409974270267649_1771392008424&_=1771392008443,200,7kr9m-1771392294135-1eb67f4e892f,"Mozilla/5.0 (Linux; Android 13; Pixel 7) AppleWebKit/537.36 (KHTML, like Gecko) Chrome/144.0.0.0 Mobile Safari/537.36",,production,master,MISS,function,/api/check-lead,vegassweeps777.vercel.app,vegassweeps777-2026-3gmlbtbxr-chimotaka.vercel.app,dpl_7BhPYspAPiCxkZZguh8UPcXTJf2h,90,iad1,260,2048,,prj_iW03tuKcotp2GxzBQbJrtnsIq8rF,,,01KHQKAQBG7N02RJ5RV7X61MHJ,hOFVQbpqAZ2Z,1
2026-02-18 05:24:39,1771392279130,vegassweeps777.vercel.app/api/check-lead,GET,callback=jQuery360006409974270267649_1771392008424&_=1771392008442,200,5j6nv-1771392279130-ca81e74d92f7,"Mozilla/5.0 (Linux; Android 13; Pixel 7) AppleWebKit/537.36 (KHTML, like Gecko) Chrome/144.0.0.0 Mobile Safari/537.36",,production,master,MISS,function,/api/check-lead,vegassweeps777.vercel.app,vegassweeps777-2026-3gmlbtbxr-chimotaka.vercel.app,dpl_7BhPYspAPiCxkZZguh8UPcXTJf2h,95,iad1,260,2048,,prj_iW03tuKcotp2GxzBQbJrtnsIq8rF,,,01KHQKA8PCSSRWZF6CQK6HJEEP,hOFVQbpqAZ2Z,1
2026-02-18 05:24:24,1771392264048,vegassweeps777.vercel.app/api/check-lead,GET,callback=jQuery360006409974270267649_1771392008424&_=1771392008441,200,bb2vf-1771392264048-1d8afc4ab9dd,"Mozilla/5.0 (Linux; Android 13; Pixel 7) AppleWebKit/537.36 (KHTML, like Gecko) Chrome/144.0.0.0 Mobile Safari/537.36",,production,master,MISS,function,/api/check-lead,vegassweeps777.vercel.app,vegassweeps777-2026-3gmlbtbxr-chimotaka.vercel.app,dpl_7BhPYspAPiCxkZZguh8UPcXTJf2h,92,iad1,260,2048,,prj_iW03tuKcotp2GxzBQbJrtnsIq8rF,,,01KHQK9SZHGPEF81ERRY74B6KX,hOFVQbpqAZ2Z,1
2026-02-18 05:24:23,1771392263146,vegassweeps777.vercel.app/api/postback,GET,secret=s8d7f6g5h4j3k2l1,500,c2mjk-1771392262823-e500eba4008a,,error,production,master,MISS,function,/api/postback,vegassweeps777.vercel.app,vegassweeps777.vercel.app,dpl_7BhPYspAPiCxkZZguh8UPcXTJf2h,,,,,"[Postback] Missing FIREBASE_SERVICE_ACCOUNT environment variable.
[Postback] Missing FIREBASE_SERVICE_ACCOUNT environment variable.
FirebaseAppError: The default Firebase app does not exist. Make sure you call initializeApp() before using any of the Firebase services.
    at AppStore.getApp (/var/task/node_modules/firebase-admin/lib/app/lifecycle.js:65:19)
    at FirebaseNamespaceInternals.app (/var/task/node_modules/firebase-admin/lib/app/firebase-namespace.js:54:35)
    at FirebaseNamespace.app (/var/task/node_modules/firebase-admin/lib/app/firebase-namespace.js:256:30)
    at FirebaseNamespace.ensureApp (/var/task/node_modules/firebase-admin/lib/app/firebase-namespace.js:266:24)
    at FirebaseNamespace.fn (/var/task/node_modules/firebase-admin/lib/app/firebase-namespace.js:136:25)
    at Object.<anonymous> (/var/task/api/postback.js:29:18)
    at Module.<anonymous> (/opt/rust/bytecode.js:2:1435)
    at A.d._compile (/opt/rust/bytecode.js:2:3186)
    at Object..js (node:internal/modules/cjs/loader:1893:10)
    at Module.load (node:internal/modules/cjs/loader:1481:32) {
  errorInfo: {
    code: 'app/no-app',
    message: 'The default Firebase app does not exist. Make sure you call initializeApp() before using any of the Firebase services.'
  },
  codePrefix: 'app'
}
Node.js process exited with exit status: 1. The logs above can help with debugging the issue.",prj_iW03tuKcotp2GxzBQbJrtnsIq8rF,,,,,
2026-02-18 05:24:22,1771392262823,vegassweeps777.vercel.app/api/postback,GET,secret=s8d7f6g5h4j3k2l1,500,c2mjk-1771392262823-e500eba4008a,,,production,master,MISS,function,/api/postback,vegassweeps777.vercel.app,vegassweeps777.vercel.app,dpl_7BhPYspAPiCxkZZguh8UPcXTJf2h,236,iad1,-1,2048,,prj_iW03tuKcotp2GxzBQbJrtnsIq8rF,,,01KHQK9RQCPR8AF2HK9SCBSR3M,,-1
2026-02-18 05:24:09,1771392249161,vegassweeps777.vercel.app/api/check-lead,GET,callback=jQuery360006409974270267649_1771392008424&_=1771392008440,200,nl8sp-1771392249161-af35e504de19,"Mozilla/5.0 (Linux; Android 13; Pixel 7) AppleWebKit/537.36 (KHTML, like Gecko) Chrome/144.0.0.0 Mobile Safari/537.36",,production,master,MISS,function,/api/check-lead,vegassweeps777.vercel.app,vegassweeps777-2026-3gmlbtbxr-chimotaka.vercel.app,dpl_7BhPYspAPiCxkZZguh8UPcXTJf2h,164,iad1,259,2048,,prj_iW03tuKcotp2GxzBQbJrtnsIq8rF,,,01KHQK9BE02YGZVBB1FDZF97YY,hOFVQbpqAZ2Z,1
2026-02-18 05:23:54,1771392234049,vegassweeps777.vercel.app/api/check-lead,GET,callback=jQuery360006409974270267649_1771392008424&_=1771392008439,200,rxvwh-1771392234049-d72122c51813,"Mozilla/5.0 (Linux; Android 13; Pixel 7) AppleWebKit/537.36 (KHTML, like Gecko) Chrome/144.0.0.0 Mobile Safari/537.36",,production,master,MISS,function,/api/check-lead,vegassweeps777.vercel.app,vegassweeps777-2026-3gmlbtbxr-chimotaka.vercel.app,dpl_7BhPYspAPiCxkZZguh8UPcXTJf2h,166,iad1,259,2048,,prj_iW03tuKcotp2GxzBQbJrtnsIq8rF,,,01KHQK8WNWHBX7JRSQMNDZERDP,hOFVQbpqAZ2Z,1
2026-02-18 05:23:39,1771392219050,vegassweeps777.vercel.app/api/check-lead,GET,callback=jQuery360006409974270267649_1771392008424&_=1771392008438,200,2hzhn-1771392219050-f04e030c2b80,"Mozilla/5.0 (Linux; Android 13; Pixel 7) AppleWebKit/537.36 (KHTML, like Gecko) Chrome/144.0.0.0 Mobile Safari/537.36",,production,master,MISS,function,/api/check-lead,vegassweeps777.vercel.app,vegassweeps777-2026-3gmlbtbxr-chimotaka.vercel.app,dpl_7BhPYspAPiCxkZZguh8UPcXTJf2h,104,iad1,259,2048,,prj_iW03tuKcotp2GxzBQbJrtnsIq8rF,,,01KHQK8E0XJH7EP8446KASWAPX,hOFVQbpqAZ2Z,1
2026-02-18 05:23:24,1771392204051,vegassweeps777.vercel.app/api/check-lead,GET,callback=jQuery360006409974270267649_1771392008424&_=1771392008437,200,xc78n-1771392204051-151d9aac35fd,"Mozilla/5.0 (Linux; Android 13; Pixel 7) AppleWebKit/537.36 (KHTML, like Gecko) Chrome/144.0.0.0 Mobile Safari/537.36",,production,master,MISS,function,/api/check-lead,vegassweeps777.vercel.app,vegassweeps777-2026-3gmlbtbxr-chimotaka.vercel.app,dpl_7BhPYspAPiCxkZZguh8UPcXTJf2h,96,iad1,259,2048,,prj_iW03tuKcotp2GxzBQbJrtnsIq8rF,,,01KHQK7ZCRED2W29KN80VVE241,hOFVQbpqAZ2Z,1
